element,state,intentional_changed_properties
menu-primary,default,
menu-primary,hover,
menu-primary,active,
menu-primary,focusVisible,
menu-primary,disabled,
menu-primary,busy,
danger-confirm,default,color;backgroundImage;borderColor;outlineColor
danger-confirm,hover,color;backgroundColor;backgroundImage;borderColor;outlineColor;filter;transform
danger-confirm,active,color;backgroundColor;backgroundImage;borderColor;outlineColor;filter;transform
danger-confirm,focusVisible,color;backgroundImage;borderColor
danger-confirm,disabled,color;backgroundImage;borderColor;outlineColor
danger-confirm,busy,color;backgroundImage;borderColor;outlineColor
settings-input,default,
settings-input,hover,
settings-input,active,
settings-input,focusVisible,
settings-input,disabled,
settings-input,busy,
settings-save,default,
settings-save,hover,
settings-save,active,
settings-save,focusVisible,
settings-save,disabled,
settings-save,busy,
prepare-start,default,
prepare-start,hover,borderColor
prepare-start,active,borderColor
prepare-start,focusVisible,
prepare-start,disabled,
prepare-start,busy,
online-return,default,color;backgroundImage;borderColor;outlineColor
online-return,hover,color;backgroundColor;backgroundImage;borderColor;outlineColor
online-return,active,color;backgroundColor;backgroundImage;borderColor;outlineColor
online-return,focusVisible,color;backgroundImage;borderColor
online-return,disabled,color;backgroundImage;borderColor;outlineColor
online-return,busy,color;backgroundImage;borderColor;outlineColor
online-create-entry,default,color;backgroundImage;borderColor;outlineColor
online-create-entry,hover,color;backgroundColor;backgroundImage;borderColor;outlineColor
online-create-entry,active,color;backgroundColor;backgroundImage;borderColor;outlineColor
online-create-entry,focusVisible,color;backgroundImage;borderColor;outlineColor
online-create-entry,disabled,color;backgroundColor;backgroundImage;borderColor;outlineColor
online-create-entry,busy,color;backgroundImage;borderColor;outlineColor
online-create-submit,default,backgroundImage;borderColor;clipPath
online-create-submit,hover,backgroundImage;borderColor;filter;clipPath
online-create-submit,active,backgroundImage;borderColor;filter;clipPath
online-create-submit,focusVisible,backgroundImage;borderColor;clipPath
online-create-submit,disabled,color;backgroundImage;borderColor;outlineColor;clipPath
online-create-submit,busy,backgroundImage;borderColor;clipPath
hud-pause,default,
hud-pause,hover,
hud-pause,active,
hud-pause,focusVisible,
hud-pause,disabled,
hud-pause,busy,
