scene,css_width,css_height,reported_dpr,cards,seats,seat_geometry_checked,all_names_fit,pass
menu,1000,650,1,,,False,True,True
menu,1060,650,1,,,False,True,True
menu,1366,768,1,,,False,True,True
menu,1920,1080,1,,,False,True,True
menu,1280,800,1,,,False,True,True
menu,2560,1080,1,,,False,True,True
dialog,1000,650,1,,,False,True,True
dialog,1060,650,1,,,False,True,True
dialog,1366,768,1,,,False,True,True
dialog,1920,1080,1,,,False,True,True
dialog,1280,800,1,,,False,True,True
dialog,2560,1080,1,,,False,True,True
prepare,1000,650,1,,,False,True,True
prepare,1060,650,1,,,False,True,True
prepare,1366,768,1,,,False,True,True
prepare,1920,1080,1,,,False,True,True
prepare,1280,800,1,,,False,True,True
prepare,2560,1080,1,,,False,True,True
battle-two-selecting,1000,650,1,33,2,False,True,True
battle-two-selecting,1060,650,1,33,2,False,True,True
battle-two-selecting,1366,768,1,33,2,False,True,True
battle-two-selecting,1920,1080,1,33,2,False,True,True
battle-two-selecting,1280,800,1,33,2,False,True,True
battle-two-selecting,2560,1080,1,33,2,False,True,True
battle-two-reveal-frozen,1000,650,1,,2,True,True,True
battle-two-reveal-frozen,1060,650,1,,2,True,True,True
battle-two-reveal-frozen,1366,768,1,,2,True,True,True
battle-two-reveal-frozen,1920,1080,1,,2,True,True,True
battle-two-reveal-frozen,1280,800,1,,2,True,True,True
battle-two-reveal-frozen,2560,1080,1,,2,True,True,True
archive,1000,650,1,,,False,True,True
archive,1060,650,1,,,False,True,True
archive,1366,768,1,,,False,True,True
archive,1920,1080,1,,,False,True,True
archive,1280,800,1,,,False,True,True
archive,2560,1080,1,,,False,True,True
archive-dialog,1000,650,1,,,False,True,True
archive-dialog,1060,650,1,,,False,True,True
archive-dialog,1366,768,1,,,False,True,True
archive-dialog,1920,1080,1,,,False,True,True
archive-dialog,1280,800,1,,,False,True,True
archive-dialog,2560,1080,1,,,False,True,True
tutorial,1000,650,1,3,2,False,True,True
tutorial,1060,650,1,3,2,False,True,True
tutorial,1366,768,1,3,2,False,True,True
tutorial,1920,1080,1,3,2,False,True,True
tutorial,1280,800,1,3,2,False,True,True
tutorial,2560,1080,1,3,2,False,True,True
online-front,1000,650,1,,,False,True,True
online-front,1060,650,1,,,False,True,True
online-front,1366,768,1,,,False,True,True
online-front,1920,1080,1,,,False,True,True
online-front,1280,800,1,,,False,True,True
online-front,2560,1080,1,,,False,True,True
online-create,1000,650,1,,,False,True,True
online-create,1060,650,1,,,False,True,True
online-create,1366,768,1,,,False,True,True
online-create,1920,1080,1,,,False,True,True
online-create,1280,800,1,,,False,True,True
online-create,2560,1080,1,,,False,True,True
battle-six-selecting,1000,650,1,33,6,False,True,True
battle-six-selecting,1060,650,1,33,6,False,True,True
battle-six-selecting,1366,768,1,33,6,False,True,True
battle-six-selecting,1920,1080,1,33,6,False,True,True
battle-six-selecting,1280,800,1,33,6,False,True,True
battle-six-selecting,2560,1080,1,33,6,False,True,True
battle-six-reveal-mock,1000,650,1,,6,True,True,True
battle-six-reveal-mock,1060,650,1,,6,True,True,True
battle-six-reveal-mock,1366,768,1,,6,True,True,True
battle-six-reveal-mock,1920,1080,1,,6,True,True,True
battle-six-reveal-mock,1280,800,1,,6,True,True,True
battle-six-reveal-mock,2560,1080,1,,6,True,True,True
